,count,mean,std,min,25%,50%,75%,max,missing_values,missing_%
price,75973.0,16881.889552867466,9736.926321727977,450.0,10200.0,14699.0,20950.0,159999.0,0,0.0
mileage,74510.0,23004.184087964768,22129.788365590648,-58540.5744775577,7423.25,17300.0,32427.5,323000.0,1463,1.93
year,74482.0,2017.0966110085783,2.208703873174515,1970.0,2016.0,2017.0,2019.0,2024.1217590521203,1491,1.96
tax,68069.0,120.3290776137681,65.52117596934926,-91.12163047754362,125.0,145.0,145.0,580.0,7904,10.4
mpg,68047.0,55.152666185283,16.49783719741792,-43.42176751067029,46.3,54.3,62.8,470.8,7926,10.43
enginesize,74457.0,1.6601362700638072,0.5734616617507697,-0.1034927966382504,1.2,1.6,2.0,6.6,1516,2.0
paintquality%,74449.0,64.59066714054343,21.021064851432165,1.638913092023202,47.0,65.0,82.0,125.59430831674894,1524,2.01
previousowners,74423.0,1.9945798513014181,1.4729814055653174,-2.345650000530215,1.0,2.0,3.0,6.258370664185211,1550,2.04
